{"train/loss": 0.2701, "train/learning_rate": 6.382978723404256e-06, "train/epoch": 3.61, "train/global_step": 120, "_timestamp": 1705325377.0651188, "_runtime": 850.189484834671, "_step": 153, "train/train_runtime": 121.9172, "train/train_samples_per_second": 1.091, "train/train_steps_per_second": 0.271, "train/total_flos": 35869132062720.0, "train/train_loss": 2.052181030764724}